severity,red_flag,duration_score,criticality,urgency_score,label,triage_class
2.1236,0,3.8029,4.66,2.076,0,MINOR
2.796,0,0.6241,1.78,1.4212,0,MINOR
1.1743,0,3.4647,4.0056,1.5632,0,MINOR
3.1242,0,0.0823,5.8495,1.8511,0,MINOR
3.4973,0,0.8494,1.9091,1.7597,0,MINOR
1.5502,0,1.217,3.6238,1.2259,0,MINOR
2.2958,0,1.1649,4.0593,1.5572,0,MINOR
1.4185,0,1.1686,2.8318,1.0843,0,MINOR
2.3682,0,3.1407,1.9984,1.7753,0,MINOR
2.5427,0,2.3697,1.2323,1.6142,0,MINOR
2.8226,0,0.6821,1.3253,1.398,0,MINOR
3.8467,0,3.8625,5.042,2.8154,0,MINOR
1.9138,0,0.3907,4.4212,1.2858,0,MINOR
2.3205,0,0.4882,3.4759,1.3734,0,MINOR
1.1032,0,3.6373,2.2939,1.3981,0,MINOR
2.9876,0,1.2468,3.6003,1.8044,0,MINOR
2.6401,0,0.7394,5.8479,1.7887,0,MINOR
3.3254,0,3.758,5.4741,2.6292,0,MINOR
2.7937,0,3.6875,1.4425,1.9992,0,MINOR
1.5879,0,0.1809,2.6267,0.934,0,MINOR
2.166,0,1.0854,5.1437,1.5979,0,MINOR
2.0703,0,1.1237,3.7135,1.4242,0,MINOR
1.4228,0,3.2088,1.3728,1.3481,0,MINOR
3.9607,0,3.089,1.9936,2.4014,0,MINOR
1.0166,0,3.2618,4.5343,1.5124,0,MINOR
3.187,0,3.0851,1.3702,2.0288,0,MINOR
2.0754,0,0.4635,5.3155,1.4544,0,MINOR
2.8699,0,1.3236,1.3178,1.5445,0,MINOR
1.9329,0,1.3007,4.648,1.4981,0,MINOR
2.9127,0,3.5489,3.3611,2.2109,0,MINOR
1.3588,0,2.853,4.8039,1.5945,0,MINOR
2.6838,0,3.0839,3.469,2.0372,0,MINOR
2.5682,0,1.7102,1.1271,1.482,0,MINOR
1.3237,0,0.1257,4.1821,0.9728,0,MINOR
1.9431,0,2.0343,5.5378,1.7379,0,MINOR
1.7479,0,1.6415,4.7778,1.5052,0,MINOR
1.6864,0,0.3079,2.4488,0.981,0,MINOR
1.4837,0,3.7188,5.0406,1.8413,0,MINOR
2.9002,0,3.4858,5.0184,2.3591,0,MINOR
1.5597,0,3.5702,3.6967,1.7076,0,MINOR
3.4223,0,3.5844,2.59,2.3448,0,MINOR
1.3302,0,0.9117,3.1355,1.028,0,MINOR
3.454,0,3.4429,1.0348,2.1737,0,MINOR
2.5322,0,1.6696,2.1105,1.5579,0,MINOR
1.3596,0,1.3505,5.7145,1.3854,0,MINOR
1.9696,0,2.0752,4.5151,1.6544,0,MINOR
2.0909,0,3.8871,5.8122,2.195,0,MINOR
1.7553,0,1.989,2.5044,1.3504,0,MINOR
1.8545,0,0.1475,4.0478,1.1761,0,MINOR
2.508,0,0.2059,2.3932,1.2837,0,MINOR
3.7248,0,0.9582,1.7245,1.854,0,MINOR
2.4684,0,3.9426,2.2103,1.9969,0,MINOR
3.0164,0,3.0465,2.1882,2.0347,0,MINOR
3.1846,0,1.4711,4.1615,1.9842,0,MINOR
2.9006,0,2.1431,1.4514,1.734,0,MINOR
3.5059,0,1.2831,1.9326,1.8522,0,MINOR
1.1223,0,2.3636,4.3878,1.3604,0,MINOR
1.0498,0,2.0484,2.1325,1.0428,0,MINOR
2.9355,0,0.6975,4.4547,1.7592,0,MINOR
2.1602,0,3.7469,1.6876,1.7822,0,MINOR
2.0232,0,0.4539,5.6235,1.4624,0,MINOR
3.632,0,1.0318,4.2999,2.0892,0,MINOR
3.4517,0,2.2208,3.6483,2.1897,0,MINOR
1.7256,0,0.3724,5.4861,1.3133,0,MINOR
3.7013,0,2.5324,2.6951,2.2565,0,MINOR
2.0476,0,2.9038,5.4856,1.9484,0,MINOR
3.6613,0,3.1195,4.2102,2.5094,0,MINOR
1.2524,0,0.6465,5.4928,1.1795,0,MINOR
2.8193,0,0.0368,1.5074,1.2858,0,MINOR
2.9905,0,0.0202,1.804,1.3807,0,MINOR
2.6462,0,2.7676,4.2598,2.038,0,MINOR
1.6728,0,2.8487,2.1862,1.4575,0,MINOR
1.9762,0,2.986,4.2482,1.8125,0,MINOR
3.5477,0,2.6305,3.8415,2.3293,0,MINOR
1.281,0,1.4709,2.326,1.0392,0,MINOR
1.732,0,3.892,2.9655,1.7677,0,MINOR
3.6761,0,2.5246,4.9741,2.4728,0,MINOR
2.5079,0,2.3076,3.4626,1.8109,0,MINOR
1.5857,0,2.8898,2.4039,1.4526,0,MINOR
1.0729,0,2.5819,1.8856,1.1341,0,MINOR
3.8214,0,3.8157,5.5743,2.8491,0,MINOR
2.1105,0,0.0618,5.6416,1.4207,0,MINOR
2.2846,0,3.8666,5.8181,2.269,0,MINOR
3.559,0,1.1778,2.9255,1.9517,0,MINOR
3.5534,0,1.2677,1.8475,1.8596,0,MINOR
2.6704,0,3.7446,4.4801,2.2651,0,MINOR
2.7102,0,0.3887,4.075,1.5693,0,MINOR
3.9702,0,0.5603,3.5916,2.0593,0,MINOR
3.6321,0,2.9631,4.4851,2.494,0,MINOR
3.1075,0,1.438,2.468,1.7774,0,MINOR
3.4281,0,3.2405,5.3354,2.5529,0,MINOR
3.7397,0,2.0454,3.5076,2.2557,0,MINOR
3.3949,0,2.5999,4.5098,2.3289,0,MINOR
3.3874,0,3.56,2.69,2.336,0,MINOR
2.1267,0,0.3759,3.8914,1.315,0,MINOR
1.1078,0,1.8624,3.7132,1.1869,0,MINOR
1.8596,0,2.3633,1.1525,1.3318,0,MINOR
1.112,0,3.2904,2.801,1.383,0,MINOR
1.3812,0,2.089,4.85,1.4553,0,MINOR
1.6475,0,2.4916,1.4267,1.3,0,MINOR
1.155,0,2.1254,3.7032,1.2574,0,MINOR
2.9123,0,2.9044,5.8793,2.3337,0,MINOR
2.5489,0,1.2918,4.9759,1.7755,0,MINOR
1.8125,0,1.7559,1.3923,1.2154,0,MINOR
1.0761,0,3.8506,5.1799,1.7185,0,MINOR
3.0879,0,1.6358,1.8665,1.749,0,MINOR
1.4693,0,1.001,3.7461,1.1625,0,MINOR
3.1438,0,2.6408,2.3997,2.0256,0,MINOR
3.8646,0,2.9516,3.7718,2.5133,0,MINOR
2.8352,0,1.6784,2.2387,1.6936,0,MINOR
2.0679,0,3.0314,1.072,1.5406,0,MINOR
1.3482,0,0.184,1.2036,0.6965,0,MINOR
3.5664,0,2.8146,3.3709,2.3266,0,MINOR
1.2935,0,1.9665,3.3674,1.2474,0,MINOR
1.5196,0,1.7354,2.9925,1.2542,0,MINOR
2.8476,0,2.5404,1.2265,1.7697,0,MINOR
2.1238,0,2.5034,3.5157,1.7018,0,MINOR
3.5695,0,2.6348,1.8147,2.1362,0,MINOR
1.2117,0,2.5697,1.1326,1.1119,0,MINOR
2.7573,0,3.7609,3.8774,2.2429,0,MINOR
2.1645,0,2.5732,3.2913,1.7096,0,MINOR
2.6369,0,3.7659,2.9305,2.101,0,MINOR
3.8836,0,3.6214,1.979,2.4756,0,MINOR
1.2081,0,0.4031,1.0911,0.673,0,MINOR
1.2833,0,2.732,1.3559,1.1953,0,MINOR
1.9569,0,3.3795,1.1164,1.5703,0,MINOR
3.4434,0,1.1274,1.5908,1.7619,0,MINOR
3.0902,0,2.5158,5.3874,2.278,0,MINOR
3.2052,0,3.2139,2.4102,2.1659,0,MINOR
1.5323,0,3.0025,5.0342,1.7168,0,MINOR
3.9715,0,1.6505,2.8601,2.2047,0,MINOR
3.3292,0,1.3632,5.6538,2.1697,0,MINOR
3.5752,0,1.716,4.7544,2.2487,0,MINOR
3.2636,0,0.4125,5.5128,1.9392,0,MINOR
2.5158,0,3.3058,2.6002,1.9275,0,MINOR
3.6866,0,1.5568,1.0542,1.8914,0,MINOR
3.7161,0,0.3651,2.5966,1.8191,0,MINOR
3.8502,0,3.8024,3.8672,2.6873,0,MINOR
2.8955,0,1.7938,2.4661,1.7636,0,MINOR
1.986,0,2.6901,4.7619,1.8086,0,MINOR
3.3747,0,3.1585,1.456,2.1272,0,MINOR
2.4833,0,0.2302,3.7476,1.4141,0,MINOR
2.3246,0,3.5508,2.7546,1.9155,0,MINOR
1.3512,0,0.572,4.8076,1.1356,0,MINOR
2.8547,0,0.4045,1.4205,1.3648,0,MINOR
3.1029,0,0.2911,5.1093,1.8103,0,MINOR
3.1187,0,0.3254,1.4242,1.455,0,MINOR
3.9599,0,1.4971,2.8532,2.1687,0,MINOR
3.4384,0,3.789,5.93,2.7262,0,MINOR
3.2601,0,1.505,1.4175,1.7468,0,MINOR
3.3314,0,2.2336,3.1211,2.0914,0,MINOR
3.7191,0,0.4448,3.4631,1.9229,0,MINOR
1.0341,0,1.8746,1.2815,0.9167,0,MINOR
1.3565,0,0.4701,4.2461,1.0612,0,MINOR
3.2381,0,2.3335,5.8109,2.343,0,MINOR
2.1246,0,1.1428,5.343,1.6127,0,MINOR
1.6708,0,3.8529,1.0608,1.545,0,MINOR
3.9096,0,0.1726,5.4557,2.144,0,MINOR
2.5831,0,3.9719,1.369,1.9645,0,MINOR
2.6616,0,3.8772,3.6155,2.2016,0,MINOR
2.8882,0,2.783,3.2727,2.0391,0,MINOR
2.8827,0,2.3373,5.5058,2.1711,0,MINOR
1.1363,0,1.1239,5.7521,1.2545,0,MINOR
3.6708,0,1.8226,4.1007,2.2429,0,MINOR
1.8321,0,0.7525,3.3185,1.2152,0,MINOR
2.0601,0,2.3346,1.3887,1.4298,0,MINOR
3.9232,0,3.9448,4.4908,2.8073,0,MINOR
2.6083,0,1.2381,5.069,1.7978,0,MINOR
3.0542,0,0.6505,5.5546,1.9072,0,MINOR
3.4676,0,3.7992,4.6286,2.6097,0,MINOR
2.8402,0,1.673,5.6636,2.0371,0,MINOR
3.5982,0,0.1809,1.1318,1.5886,0,MINOR
2.1294,0,3.2422,5.9364,2.0938,0,MINOR
1.4513,0,2.3765,2.9045,1.3463,0,MINOR
3.9097,0,3.3685,5.1916,2.7568,0,MINOR
2.4061,0,1.6593,2.367,1.531,0,MINOR
1.1691,0,3.4589,5.0645,1.6659,0,MINOR
3.9992,0,3.9865,3.7772,2.7747,0,MINOR
3.307,0,3.7791,5.2482,2.6034,0,MINOR
1.742,0,1.8022,1.6458,1.2218,0,MINOR
3.8622,0,2.4247,2.1432,2.2441,0,MINOR
3.0151,0,2.4725,2.7908,1.9796,0,MINOR
1.3407,0,2.6863,3.6015,1.4337,0,MINOR
3.317,0,2.0807,5.2609,2.269,0,MINOR
2.6557,0,2.2438,5.3833,2.0494,0,MINOR
2.2104,0,0.5361,1.1439,1.1058,0,MINOR
3.2654,0,2.4812,4.5204,2.2545,0,MINOR
1.6389,0,0.5455,1.0727,0.8719,0,MINOR
2.0518,0,2.3597,2.9612,1.5888,0,MINOR
2.3124,0,3.6166,2.7413,1.9224,0,MINOR
2.542,0,3.1346,2.9827,1.942,0,MINOR
2.8663,0,3.4495,5.7476,2.4112,0,MINOR
1.4412,0,3.7064,3.4606,1.6638,0,MINOR
1.7747,0,1.8365,5.9002,1.6672,0,MINOR
2.4779,0,1.315,4.167,1.6708,0,MINOR
1.7204,0,0.3035,1.6444,0.9133,0,MINOR
1.3841,0,0.6076,1.6941,0.8446,0,MINOR
2.9226,0,0.7275,2.7283,1.5874,0,MINOR
3.6904,0,1.8958,4.3378,2.2891,0,MINOR
1.517,0,0.7692,1.2043,0.881,0,MINOR
1.5068,0,1.1144,1.8851,1.0141,0,MINOR
1.2661,0,0.4825,3.3039,0.9333,0,MINOR
1.619,0,1.4571,3.5171,1.2907,0,MINOR
3.0712,0,0.1572,4.9971,1.7596,0,MINOR
2.8837,0,0.327,5.3679,1.7557,0,MINOR
3.7626,0,0.2443,2.3844,1.7923,0,MINOR
3.4186,0,2.993,1.9226,2.1583,0,MINOR
1.628,0,1.4819,3.4226,1.2899,0,MINOR
2.8548,0,1.4757,3.3127,1.7683,0,MINOR
3.2424,0,0.1467,2.2622,1.5525,0,MINOR
3.14,0,3.5808,3.5584,2.328,0,MINOR
2.5963,0,0.4287,3.2371,1.448,0,MINOR
2.5979,0,0.9699,2.3462,1.4677,0,MINOR
2.1319,0,0.0803,2.6104,1.1298,0,MINOR
1.6343,0,1.31,1.5988,1.0756,0,MINOR
3.6716,0,2.3744,4.3955,2.3831,0,MINOR
3.3675,0,1.9938,1.4346,1.8892,0,MINOR
2.6113,0,2.3474,4.7272,1.9867,0,MINOR
2.295,0,0.5103,2.4189,1.2619,0,MINOR
2.0892,0,2.5837,3.8539,1.7378,0,MINOR
2.0683,0,3.9461,4.0289,2.0194,0,MINOR
1.7117,0,0.4071,1.7643,0.9425,0,MINOR
1.7379,0,0.6427,1.9328,1.017,0,MINOR
1.8553,0,0.6935,5.4838,1.4292,0,MINOR
1.2407,0,2.098,3.052,1.2211,0,MINOR
3.9471,0,0.4482,2.9893,1.9674,0,MINOR
3.9084,0,3.462,5.0854,2.7643,0,MINOR
1.7737,0,0.6836,4.3432,1.2805,0,MINOR
3.7881,0,2.2271,3.8581,2.3465,0,MINOR
1.8399,0,3.078,1.9352,1.5451,0,MINOR
1.971,0,1.7017,3.5381,1.4826,0,MINOR
1.7272,0,0.4593,4.0531,1.1881,0,MINOR
1.8659,0,2.325,1.7718,1.3885,0,MINOR
2.4434,0,2.1304,1.2591,1.5294,0,MINOR
2.0098,0,0.5377,1.3169,1.0431,0,MINOR
3.9699,0,1.2894,5.0494,2.3508,0,MINOR
1.7639,0,2.726,4.8011,1.7309,0,MINOR
2.7869,0,1.8863,3.0592,1.7979,0,MINOR
2.0466,0,3.7181,5.1531,2.0776,0,MINOR
3.8951,0,0.4972,4.6543,2.1229,0,MINOR
3.815,0,0.7249,1.3325,1.8042,0,MINOR
3.2234,0,2.2979,5.2091,2.2698,0,MINOR
1.4193,0,3.1811,2.0081,1.4048,0,MINOR
1.491,0,0.6571,5.0729,1.2351,0,MINOR
2.9956,0,2.0923,2.7942,1.8961,0,MINOR
3.6316,0,1.5698,5.083,2.2749,0,MINOR
2.3174,0,1.5078,3.3134,1.5599,0,MINOR
1.9041,0,2.9904,3.5136,1.7111,0,MINOR
1.6966,0,3.5983,2.9195,1.6903,0,MINOR
2.6307,0,3.6259,4.1212,2.1896,0,MINOR
1.3507,0,3.7593,4.1385,1.706,0,MINOR
2.0047,0,0.5571,4.9701,1.4103,0,MINOR
2.8602,0,2.1338,5.4695,2.1178,0,MINOR
3.3658,0,0.6067,2.5586,1.7235,0,MINOR
1.7455,0,2.9758,1.1677,1.4101,0,MINOR
2.7097,0,3.0498,5.3838,2.2322,0,MINOR
2.0262,0,3.285,1.5532,1.6228,0,MINOR
3.5394,0,0.51,2.9864,1.8164,0,MINOR
3.3919,0,0.5997,2.1463,1.6913,0,MINOR
3.1668,0,2.8801,4.2057,2.2633,0,MINOR
3.0818,0,2.1709,2.259,1.8928,0,MINOR
2.0371,0,0.7264,5.5423,1.5143,0,MINOR
2.7502,0,1.6034,3.31,1.7518,0,MINOR
3.8419,0,0.6134,3.9311,2.0525,0,MINOR
2.5177,0,2.4458,1.0906,1.6053,0,MINOR
3.6164,0,3.7285,3.8257,2.5748,0,MINOR
3.09,0,3.69,4.5362,2.4276,0,MINOR
1.4576,0,2.3052,4.0336,1.4474,0,MINOR
2.2724,0,2.9458,5.6718,2.0653,0,MINOR
3.7767,0,1.8034,1.5662,2.028,0,MINOR
3.9545,0,3.3556,1.6233,2.4153,0,MINOR
3.7625,0,3.4796,3.5942,2.5603,0,MINOR
2.7738,0,1.596,1.2738,1.5561,0,MINOR
2.0056,0,3.2114,1.0232,1.5468,0,MINOR
2.0005,0,1.5927,3.687,1.4874,0,MINOR
3.7596,0,1.3854,2.7348,2.0544,0,MINOR
3.2125,0,1.8089,2.123,1.8591,0,MINOR
2.3573,0,0.5634,1.8819,1.2438,0,MINOR
2.4951,0,1.6757,5.5742,1.8906,0,MINOR
2.0872,0,2.3224,4.1613,1.7155,0,MINOR
1.0393,0,2.6541,1.8902,1.1356,0,MINOR
3.8832,0,0.5947,3.0731,1.9795,0,MINOR
1.256,0,3.9875,3.511,1.651,0,MINOR
2.7862,0,0.2683,4.7498,1.6431,0,MINOR
1.6297,0,3.5922,2.0257,1.5729,0,MINOR
1.5721,0,0.1462,3.3603,0.9941,0,MINOR
2.6945,0,0.2628,4.8776,1.6181,0,MINOR
2.3599,0,2.0976,3.2038,1.6838,0,MINOR
2.2023,0,2.2386,1.7762,1.5062,0,MINOR
1.5458,0,3.4471,5.7306,1.8808,0,MINOR
2.1199,0,1.083,4.22,1.4866,0,MINOR
2.2262,0,0.1015,1.7808,1.0889,0,MINOR
3.1479,0,2.6357,1.1355,1.8999,0,MINOR
1.6659,0,0.9243,4.3595,1.2872,0,MINOR
1.0591,0,0.4164,4.9996,1.0069,0,MINOR
1.5356,0,2.611,2.1909,1.3555,0,MINOR
1.2983,0,0.9727,4.6113,1.175,0,MINOR
3.5671,0,3.3209,2.9859,2.3896,0,MINOR
3.0043,0,0.8199,2.4657,1.6123,0,MINOR
3.689,0,0.052,1.4275,1.6288,0,MINOR
1.6237,0,0.1061,1.9072,0.8614,0,MINOR
2.7491,0,1.6857,5.4634,1.9831,0,MINOR
3.4523,0,1.3673,2.2971,1.8841,0,MINOR
2.1391,0,2.3612,2.3403,1.5619,0,MINOR
2.8724,0,1.6376,3.7602,1.8525,0,MINOR
2.3084,0,1.1779,5.7423,1.7332,0,MINOR
3.2908,0,0.5605,5.3423,1.9627,0,MINOR
2.4623,0,3.5782,4.9993,2.2005,0,MINOR
2.2756,0,0.0899,2.3434,1.1626,0,MINOR
2.6249,0,2.5339,2.2894,1.7857,0,MINOR
1.4181,0,3.3397,5.922,1.8274,0,MINOR
2.5771,0,0.6867,2.3615,1.4043,0,MINOR
1.0552,0,3.6572,1.5888,1.3124,0,MINOR
2.7295,0,1.0962,3.7709,1.6882,0,MINOR
2.9543,0,3.319,2.0321,2.0487,0,MINOR
1.033,0,0.5475,5.5001,1.0727,0,MINOR
3.6217,0,2.3897,4.0026,2.3269,0,MINOR
2.9951,0,0.7015,5.5721,1.8955,0,MINOR
2.2563,0,1.5326,3.5946,1.5685,0,MINOR
1.1409,0,0.6651,4.6902,1.0584,0,MINOR
1.2484,0,2.4126,2.2267,1.2046,0,MINOR
2.1679,0,1.1548,2.7784,1.3759,0,MINOR
3.1571,0,1.1885,3.832,1.8838,0,MINOR
2.4282,0,2.6547,5.6841,2.0706,0,MINOR
3.1977,0,0.8598,1.1559,1.5666,0,MINOR
1.7868,0,2.3803,1.2571,1.3165,0,MINOR
2.4891,0,2.3874,2.6712,1.7402,0,MINOR
3.3127,0,0.4264,1.3757,1.5479,0,MINOR
3.1846,0,1.982,4.442,2.1144,0,MINOR
2.3045,0,0.9856,5.0955,1.6285,0,MINOR
3.3982,0,2.7788,2.3607,2.1511,0,MINOR
2.7707,0,1.4439,1.4579,1.5428,0,MINOR
3.7519,0,0.5473,5.7512,2.1853,0,MINOR
2.338,0,0.7405,3.7095,1.4543,0,MINOR
3.6188,0,2.9289,5.0328,2.5366,0,MINOR
2.9764,0,2.7691,5.246,2.269,0,MINOR
1.749,0,1.9577,2.106,1.3017,0,MINOR
3.963,0,3.7762,1.1971,2.4602,0,MINOR
3.1167,0,3.701,1.9029,2.1772,0,MINOR
2.7038,0,3.662,1.1697,1.9309,0,MINOR
3.0923,0,1.1894,5.622,2.037,0,MINOR
3.9132,0,3.7771,3.3711,2.6578,0,MINOR
3.5861,0,3.3782,2.5955,2.3696,0,MINOR
3.4867,0,0.148,3.9813,1.8224,0,MINOR
1.69,0,0.4823,1.3848,0.9109,0,MINOR
3.0889,0,1.3595,4.6238,1.9698,0,MINOR
1.1961,0,1.2612,3.6975,1.1004,0,MINOR
3.3722,0,1.275,4.1295,2.0168,0,MINOR
3.6579,0,2.4635,2.1648,2.1723,0,MINOR
1.0732,0,3.4804,1.1063,1.236,0,MINOR
6.4988,0,7.6344,6.9939,4.8258,1,CONSULTATION
6.9917,0,6.6031,5.0097,4.6183,1,CONSULTATION
4.9195,1,7.2421,7.9204,7.2083,1,CONSULTATION
6.0731,0,4.5281,6.6879,4.0037,1,CONSULTATION
3.9551,0,4.1277,4.4362,2.8512,1,CONSULTATION
4.1852,0,2.2526,3.0894,2.4335,1,CONSULTATION
6.9509,0,4.306,6.3982,4.2814,1,CONSULTATION
3.873,1,6.7181,3.4471,6.2375,1,CONSULTATION
4.6703,1,7.6684,5.337,6.9355,1,CONSULTATION
5.4536,0,7.947,4.1584,4.1867,1,CONSULTATION
6.7709,1,5.6464,5.5634,7.394,1,CONSULTATION
3.9227,0,3.3229,3.9322,2.6269,1,CONSULTATION
6.1183,0,2.3471,7.8455,3.7013,1,CONSULTATION
6.5351,1,7.9694,3.8695,7.5949,1,CONSULTATION
4.585,1,6.1761,3.7695,6.4462,1,CONSULTATION
6.2633,0,3.3429,5.6849,3.7424,1,CONSULTATION
5.3718,0,2.5489,7.3873,3.3972,1,CONSULTATION
4.0624,0,7.3325,7.7783,3.8693,1,CONSULTATION
6.4485,1,5.9315,5.7543,7.3411,1,CONSULTATION
3.3479,0,4.2361,4.2988,2.6163,1,CONSULTATION
5.8937,0,2.4863,4.1009,3.2648,1,CONSULTATION
5.733,0,7.1072,5.4757,4.2622,1,CONSULTATION
4.9223,0,6.9481,4.739,3.8325,1,CONSULTATION
5.7121,0,3.6022,7.3931,3.7446,1,CONSULTATION
6.1897,1,7.1035,7.3365,7.6302,1,CONSULTATION
5.8335,1,6.1848,6.4007,7.2104,1,CONSULTATION
5.4744,1,2.9516,7.4044,6.5205,1,CONSULTATION
6.4874,0,6.9549,3.6443,4.3504,1,CONSULTATION
4.3405,1,2.9646,7.0898,6.0381,1,CONSULTATION
6.3285,0,2.0383,4.4352,3.3826,1,CONSULTATION
5.4677,1,5.7909,4.299,6.7752,1,CONSULTATION
5.536,0,6.6791,3.5349,3.9037,1,CONSULTATION
6.0441,0,7.778,4.7094,4.4442,1,CONSULTATION
5.5305,1,2.6151,7.6861,6.5038,1,CONSULTATION
5.7515,0,3.8058,6.5409,3.7159,1,CONSULTATION
3.2694,0,4.0753,6.1046,2.7333,1,CONSULTATION
3.183,1,7.8409,7.8444,6.6258,1,CONSULTATION
5.9986,0,6.5496,3.1229,4.0217,1,CONSULTATION
3.0885,0,4.9319,6.852,2.907,1,CONSULTATION
5.7332,0,3.6418,7.9856,3.8202,1,CONSULTATION
4.7047,0,2.9817,6.974,3.1756,1,CONSULTATION
5.7747,0,2.4943,6.4025,3.449,1,CONSULTATION
5.618,0,7.7052,3.7553,4.1638,1,CONSULTATION
4.7293,1,4.5184,6.1926,6.4147,1,CONSULTATION
4.5904,0,7.9039,5.0467,3.9216,1,CONSULTATION
6.5764,0,3.2786,3.1557,3.6019,1,CONSULTATION
5.6067,0,7.1861,5.366,4.2165,1,CONSULTATION
6.8728,0,7.2117,6.883,4.8798,1,CONSULTATION
6.0837,1,6.5661,6.1311,7.3598,1,CONSULTATION
3.525,0,7.5251,6.0833,3.5233,1,CONSULTATION
6.1861,0,2.7038,3.6259,3.3778,1,CONSULTATION
5.7423,0,3.2031,5.458,3.4833,1,CONSULTATION
3.2568,0,3.614,6.9878,2.7243,1,CONSULTATION
4.2414,0,2.0697,3.3622,2.4467,1,CONSULTATION
4.57,0,5.6001,4.4583,3.3938,1,CONSULTATION
5.7799,1,6.6791,3.1981,6.9676,1,CONSULTATION
4.922,0,3.4523,7.9333,3.4526,1,CONSULTATION
3.57,0,5.7089,6.5123,3.221,1,CONSULTATION
5.2386,0,3.9588,5.5886,3.446,1,CONSULTATION
3.3515,0,2.1992,3.3929,2.1197,1,CONSULTATION
4.5877,0,5.4052,6.4473,3.5609,1,CONSULTATION
6.2023,0,3.0049,3.5228,3.4342,1,CONSULTATION
5.5457,1,2.1895,7.6811,6.4243,1,CONSULTATION
3.2079,0,6.2544,7.3548,3.2695,1,CONSULTATION
5.8563,1,4.0367,7.0741,6.8573,1,CONSULTATION
3.3205,1,5.2856,7.0865,6.0939,1,CONSULTATION
4.8093,1,5.1584,6.6579,6.6212,1,CONSULTATION
3.3265,0,3.4826,3.7977,2.4069,1,CONSULTATION
6.4871,0,7.8552,4.6845,4.6343,1,CONSULTATION
3.7285,1,5.9522,5.491,6.2309,1,CONSULTATION
5.2215,1,3.3707,7.9817,6.5609,1,CONSULTATION
6.8992,1,3.1973,6.4011,7.0392,1,CONSULTATION
3.2888,0,3.5461,5.3131,2.556,1,CONSULTATION
6.4731,1,6.4562,5.1275,7.3932,1,CONSULTATION
4.3837,0,7.9259,3.2005,3.6587,1,CONSULTATION
6.4681,0,4.6317,6.6263,4.1762,1,CONSULTATION
4.9467,1,7.4042,5.1086,6.9704,1,CONSULTATION
4.1073,0,7.4742,4.0533,3.5431,1,CONSULTATION
5.4919,1,6.3987,3.6578,6.8423,1,CONSULTATION
5.8633,1,3.0781,4.1877,6.3797,1,CONSULTATION
6.8856,0,7.1263,5.4614,4.7256,1,CONSULTATION
3.9889,1,4.6718,5.5741,6.0873,1,CONSULTATION
4.4369,0,2.9811,4.9554,2.8665,1,CONSULTATION
6.8776,0,5.9404,4.626,4.4017,1,CONSULTATION
6.0939,0,7.8189,5.2689,4.5282,1,CONSULTATION
3.9442,0,3.0185,5.5989,2.7413,1,CONSULTATION
4.348,1,4.5853,4.2436,6.0806,1,CONSULTATION
5.4686,1,3.0023,3.8381,6.1717,1,CONSULTATION
3.1467,1,5.9828,5.3732,5.9926,1,CONSULTATION
6.3767,1,5.5121,7.3414,7.3872,1,CONSULTATION
3.8234,0,3.6185,3.2854,2.5816,1,CONSULTATION
5.1247,1,2.2361,3.6105,5.8581,1,CONSULTATION
4.8088,1,3.8969,5.5362,6.2565,1,CONSULTATION
3.1663,0,7.9198,7.8256,3.633,1,CONSULTATION
3.0198,1,5.8347,7.3396,6.1088,1,CONSULTATION
4.819,0,4.9331,6.3343,3.5476,1,CONSULTATION
3.5586,0,3.8476,6.5234,2.8453,1,CONSULTATION
3.8074,1,7.8195,3.4695,6.4338,1,CONSULTATION
5.6904,0,7.2089,3.8857,4.1065,1,CONSULTATION
5.7705,1,7.6677,6.4162,7.4834,1,CONSULTATION
4.9887,1,7.2134,5.853,7.0235,1,CONSULTATION
3.1215,1,6.1372,6.3826,6.1143,1,CONSULTATION
3.8627,1,4.3632,6.2562,6.0433,1,CONSULTATION
3.4264,1,7.9965,3.2411,6.294,1,CONSULTATION
6.9087,0,7.2245,6.9119,4.8996,1,CONSULTATION
5.2681,1,7.2711,5.0207,7.0635,1,CONSULTATION
4.3081,1,6.8471,6.8114,6.7738,1,CONSULTATION
6.1913,0,6.907,3.601,4.218,1,CONSULTATION
5.178,0,3.9475,4.8323,3.3439,1,CONSULTATION
4.5847,1,4.3313,5.2435,6.2245,1,CONSULTATION
3.9502,0,3.3636,3.366,2.5894,1,CONSULTATION
5.4138,1,5.7169,5.3175,6.8407,1,CONSULTATION
4.5191,1,5.1145,5.3959,6.3701,1,CONSULTATION
3.1026,0,4.2812,4.9941,2.5967,1,CONSULTATION
5.3207,0,5.6474,6.8244,3.9402,1,CONSULTATION
6.2519,1,7.7331,3.0912,7.3565,1,CONSULTATION
3.7831,0,5.8848,7.4902,3.4392,1,CONSULTATION
3.9739,1,2.3616,7.6722,5.8291,1,CONSULTATION
4.4065,0,4.9152,4.2839,3.174,1,CONSULTATION
4.1395,0,6.8182,5.6958,3.589,1,CONSULTATION
4.2452,1,6.2969,4.3631,6.3938,1,CONSULTATION
4.6542,0,3.0869,6.4056,3.1196,1,CONSULTATION
3.7258,0,6.2543,3.5344,3.0946,1,CONSULTATION
5.2692,0,7.7776,5.4177,4.205,1,CONSULTATION
6.224,0,2.2605,6.1658,3.5583,1,CONSULTATION
6.8056,1,6.9151,7.421,7.8474,1,CONSULTATION
3.9123,0,5.6659,5.0551,3.2036,1,CONSULTATION
6.3594,1,4.1205,4.1844,6.7863,1,CONSULTATION
6.1221,0,6.9357,5.1187,4.3478,1,CONSULTATION
5.6702,0,5.7432,5.2588,3.9426,1,CONSULTATION
5.3464,0,6.4212,7.314,4.1542,1,CONSULTATION
3.867,0,2.1418,6.2099,2.5961,1,CONSULTATION
5.4284,0,3.3917,4.9545,3.3451,1,CONSULTATION
5.3779,0,7.9267,3.6822,4.1047,1,CONSULTATION
5.7806,0,4.5692,6.588,3.8849,1,CONSULTATION
5.7697,1,2.7704,3.5205,6.214,1,CONSULTATION
5.8974,0,3.645,3.3971,3.4276,1,CONSULTATION
3.3426,1,3.1512,4.6169,5.429,1,CONSULTATION
3.9066,0,2.4165,5.5953,2.6055,1,CONSULTATION
3.2705,1,3.4023,5.7001,5.5586,1,CONSULTATION
6.5203,1,5.1977,4.6217,7.1098,1,CONSULTATION
4.332,1,7.9648,6.3092,6.9567,1,CONSULTATION
5.2311,1,4.7912,3.3007,6.3808,1,CONSULTATION
5.2492,1,3.0518,6.45,6.355,1,CONSULTATION
3.8037,0,2.5801,5.2519,2.5627,1,CONSULTATION
6.0247,0,5.9895,6.9772,4.3055,1,CONSULTATION
6.7087,0,4.3959,3.7621,3.9389,1,CONSULTATION
6.9699,1,5.2397,7.2102,7.5569,1,CONSULTATION
5.0838,1,2.5347,6.7764,6.2181,1,CONSULTATION
3.5109,1,6.6922,6.5437,6.3971,1,CONSULTATION
3.1446,0,3.5787,4.8007,2.4537,1,CONSULTATION
3.3506,1,5.3228,4.5276,5.8576,1,CONSULTATION
4.5879,0,5.6036,5.5784,3.5137,1,CONSULTATION
6.6776,0,7.9529,7.2571,4.9873,1,CONSULTATION
3.834,1,2.6982,7.0872,5.782,1,CONSULTATION
4.5225,1,7.2083,7.0296,6.9536,1,CONSULTATION
6.1601,0,2.4855,5.0149,3.4626,1,CONSULTATION
3.6941,1,4.0766,7.8781,6.0808,1,CONSULTATION
5.5639,1,2.7951,7.3101,6.5156,1,CONSULTATION
6.691,0,5.6375,6.824,4.4863,1,CONSULTATION
3.6994,0,4.392,3.7319,2.7313,1,CONSULTATION
4.4701,0,2.1549,3.6758,2.5866,1,CONSULTATION
6.8525,0,7.7949,5.1625,4.8162,1,CONSULTATION
4.2473,0,4.6371,3.5283,2.9792,1,CONSULTATION
5.5633,0,5.7175,6.251,3.9939,1,CONSULTATION
3.6081,0,6.6846,5.299,3.3101,1,CONSULTATION
3.2327,1,2.3467,6.4752,5.4099,1,CONSULTATION
6.9347,0,2.8535,3.6069,3.7053,1,CONSULTATION
4.2131,0,6.153,3.3115,3.247,1,CONSULTATION
5.0377,1,6.8838,6.0761,6.9994,1,CONSULTATION
4.225,1,5.1622,5.1304,6.2355,1,CONSULTATION
3.5228,1,4.6987,3.9731,5.7462,1,CONSULTATION
4.471,0,6.9652,6.6681,3.8483,1,CONSULTATION
6.0772,0,4.4969,5.4067,3.8709,1,CONSULTATION
3.0768,0,6.5617,3.6855,2.9116,1,CONSULTATION
5.1412,0,2.0727,4.206,2.8916,1,CONSULTATION
6.9035,1,7.7575,5.4393,7.8568,1,CONSULTATION
3.4389,0,4.7263,7.2218,3.043,1,CONSULTATION
3.3923,0,2.9003,4.6234,2.3993,1,CONSULTATION
5.9494,0,4.2553,4.9724,3.7281,1,CONSULTATION
4.8378,1,7.3525,7.7767,7.1833,1,CONSULTATION
6.1476,0,6.1288,5.188,4.2036,1,CONSULTATION
4.0187,1,2.2306,7.5088,5.8045,1,CONSULTATION
4.8459,1,5.9561,7.4756,6.8771,1,CONSULTATION
5.5467,1,2.3999,5.592,6.2579,1,CONSULTATION
3.6007,1,5.0733,6.4011,6.0951,1,CONSULTATION
3.1667,0,6.2979,3.3604,2.8623,1,CONSULTATION
3.285,0,7.739,6.6875,3.5306,1,CONSULTATION
4.413,0,4.0982,6.8733,3.2722,1,CONSULTATION
5.6455,0,3.0447,3.492,3.2163,1,CONSULTATION
5.6412,1,3.5903,3.1047,6.285,1,CONSULTATION
3.3287,1,3.7727,6.8461,5.7706,1,CONSULTATION
5.4987,0,3.2341,3.6069,3.207,1,CONSULTATION
5.4601,1,5.8634,5.6515,6.9219,1,CONSULTATION
3.1678,1,6.7923,4.4641,6.072,1,CONSULTATION
6.9199,1,5.4945,6.7404,7.5409,1,CONSULTATION
6.2471,1,2.7686,4.6913,6.5217,1,CONSULTATION
6.7123,0,4.233,5.1604,4.0476,1,CONSULTATION
4.7576,1,7.6585,4.2035,6.8551,1,CONSULTATION
3.486,0,7.3215,6.2291,3.4816,1,CONSULTATION
4.1436,1,7.1682,7.2326,6.8144,1,CONSULTATION
6.6757,0,6.5303,5.3027,4.5066,1,CONSULTATION
6.368,1,6.6587,6.2808,7.507,1,CONSULTATION
3.7097,0,7.908,7.6869,3.8342,1,CONSULTATION
3.1727,0,2.7904,6.6299,2.4901,1,CONSULTATION
6.2711,0,5.0351,7.2035,4.2358,1,CONSULTATION
5.9312,0,5.5421,5.5418,4.0351,1,CONSULTATION
4.1902,0,6.1333,7.3666,3.6394,1,CONSULTATION
5.5452,1,2.9604,5.3078,6.3409,1,CONSULTATION
3.0373,0,6.3588,7.959,3.2826,1,CONSULTATION
3.3967,0,6.8004,4.0202,3.1208,1,CONSULTATION
5.2203,1,5.6959,3.9401,6.6213,1,CONSULTATION
4.4215,1,5.3254,3.0261,6.1363,1,CONSULTATION
6.044,0,6.4744,4.0124,4.1137,1,CONSULTATION
6.8323,0,3.9616,3.7444,3.8997,1,CONSULTATION
4.2224,1,7.978,4.8415,6.7687,1,CONSULTATION
4.7944,1,7.3172,5.9652,6.9777,1,CONSULTATION
4.5661,0,6.1737,3.0161,3.3628,1,CONSULTATION
5.4784,0,6.7652,3.465,3.8909,1,CONSULTATION
5.3528,0,5.854,3.3243,3.6443,1,CONSULTATION
5.3199,0,5.364,6.0174,3.8025,1,CONSULTATION
5.7059,1,3.6189,7.1252,6.7187,1,CONSULTATION
4.993,0,2.3513,4.6712,2.9346,1,CONSULTATION
6.1396,1,6.7317,5.5863,7.3608,1,CONSULTATION
4.7608,0,3.9692,5.1701,3.2152,1,CONSULTATION
3.3544,0,5.5894,6.6783,3.1275,1,CONSULTATION
6.9934,1,5.8554,5.1062,7.4791,1,CONSULTATION
5.5447,1,2.71,5.0495,6.2648,1,CONSULTATION
6.3592,0,5.4312,5.9388,4.2238,1,CONSULTATION
3.7379,0,4.0071,3.131,2.6097,1,CONSULTATION
3.0968,1,3.6384,5.5904,5.5254,1,CONSULTATION
4.1949,1,3.5558,5.1483,5.9039,1,CONSULTATION
6.4909,1,3.1166,7.0132,6.921,1,CONSULTATION
4.8327,0,2.8009,3.403,2.8336,1,CONSULTATION
5.9118,0,4.6211,6.6475,3.9537,1,CONSULTATION
6.0621,0,5.6614,3.6768,3.9248,1,CONSULTATION
6.0055,1,7.7397,3.3448,7.2846,1,CONSULTATION
3.2282,0,3.5702,4.2349,2.4288,1,CONSULTATION
6.625,0,3.6317,6.797,4.056,1,CONSULTATION
4.799,1,2.3922,5.4379,5.9418,1,CONSULTATION
3.1345,0,7.4386,3.6962,3.1111,1,CONSULTATION
5.1297,0,4.0841,7.4992,3.6186,1,CONSULTATION
3.0873,1,7.7804,5.8008,6.3711,1,CONSULTATION
6.7473,0,4.5128,4.3008,4.0315,1,CONSULTATION
5.9233,1,3.5392,6.2709,6.7042,1,CONSULTATION
3.7924,0,4.7836,7.86,3.2597,1,CONSULTATION
5.4341,0,2.6846,3.7562,3.0862,1,CONSULTATION
3.9013,0,7.1037,5.8061,3.5619,1,CONSULTATION
5.0936,0,7.1608,6.6141,4.131,1,CONSULTATION
3.2707,1,5.2612,3.4086,5.7014,1,CONSULTATION
4.8332,0,2.9946,7.7285,3.3051,1,CONSULTATION
6.3999,1,4.7738,5.0588,7.0206,1,CONSULTATION
5.6039,0,2.3736,5.5625,3.2725,1,CONSULTATION
6.2256,0,2.3117,6.9314,3.6457,1,CONSULTATION
3.8055,0,2.9882,4.6511,2.5849,1,CONSULTATION
6.027,0,3.2293,7.3892,3.7956,1,CONSULTATION
6.5183,1,3.4328,5.2562,6.8195,1,CONSULTATION
6.94,1,2.163,3.326,6.5412,1,CONSULTATION
4.8557,1,5.2322,5.4891,6.5376,1,CONSULTATION
3.4219,1,6.9326,4.9021,6.2455,1,CONSULTATION
6.1024,1,3.2226,5.6166,6.6472,1,CONSULTATION
4.1486,1,5.4656,6.1729,6.3698,1,CONSULTATION
6.1917,0,7.4905,5.6651,4.5413,1,CONSULTATION
3.6318,1,6.7596,4.5838,6.263,1,CONSULTATION
6.4287,1,3.6614,7.9176,7.0955,1,CONSULTATION
3.5628,0,3.1053,7.4699,2.7932,1,CONSULTATION
5.6172,0,4.6419,6.0765,3.7829,1,CONSULTATION
3.3339,1,6.8216,5.526,6.2505,1,CONSULTATION
6.8685,0,7.9047,6.3396,4.9623,1,CONSULTATION
5.5387,0,7.2916,5.1374,4.1875,1,CONSULTATION
6.6489,0,6.9183,8.1096,4.8542,2,EMERGENCY
8.8774,1,3.5558,8.926,8.1547,2,EMERGENCY
6.7496,1,8.7334,8.1632,8.2629,2,EMERGENCY
8.841,1,6.2982,9.2865,8.7247,2,EMERGENCY
7.8371,1,6.4595,9.313,8.358,2,EMERGENCY
7.3408,0,7.9841,9.3039,5.4635,2,EMERGENCY
6.4025,1,3.9938,7.3918,7.099,2,EMERGENCY
7.8014,1,7.558,8.4837,8.4805,2,EMERGENCY
7.4095,1,6.299,9.9164,8.2152,2,EMERGENCY
8.5366,0,7.7332,7.3004,5.6913,2,EMERGENCY
8.7453,0,4.2242,9.4229,5.2853,2,EMERGENCY
6.9087,1,4.9549,8.5715,7.6116,2,EMERGENCY
8.7766,1,5.1372,6.8506,8.2231,2,EMERGENCY
6.1328,1,7.5721,9.7532,7.9429,2,EMERGENCY
9.4848,1,8.5191,8.6599,9.3637,2,EMERGENCY
7.0411,1,7.6951,8.2418,8.1797,2,EMERGENCY
6.444,1,6.2225,9.4583,7.7679,2,EMERGENCY
8.1866,1,9.8376,6.4429,8.8864,2,EMERGENCY
7.6902,0,8.1793,9.6723,5.6792,2,EMERGENCY
7.1201,1,5.0455,9.6431,7.8215,2,EMERGENCY
9.0158,1,3.126,9.8512,8.2167,2,EMERGENCY
8.9067,1,8.8058,7.1261,9.0364,2,EMERGENCY
9.491,0,7.9258,8.1628,6.1978,2,EMERGENCY
6.3861,1,3.0868,7.8751,6.9593,2,EMERGENCY
7.2051,1,5.0807,7.1997,7.6181,2,EMERGENCY
8.9728,0,9.3203,9.4091,6.3941,2,EMERGENCY
8.6712,1,9.2461,6.7413,8.9918,2,EMERGENCY
6.3159,1,8.562,6.1387,7.8526,2,EMERGENCY
8.3312,1,8.9899,8.0858,8.939,2,EMERGENCY
6.2546,1,7.1928,6.4597,7.5864,2,EMERGENCY
6.3754,1,7.6844,9.3171,8.0188,2,EMERGENCY
9.5159,1,6.6221,7.7217,8.903,2,EMERGENCY
7.2678,1,8.4172,8.4077,8.4313,2,EMERGENCY
9.5701,1,7.2496,8.5252,9.1305,2,EMERGENCY
8.3668,1,4.662,8.0495,8.0841,2,EMERGENCY
6.4169,1,6.4137,8.6089,7.7104,2,EMERGENCY
9.8021,1,8.2052,8.0251,9.3644,2,EMERGENCY
8.5364,0,4.7807,7.4474,5.1155,2,EMERGENCY
7.89,0,3.9802,7.1073,4.6627,2,EMERGENCY
9.8861,1,6.3743,6.7844,8.9077,2,EMERGENCY
8.4431,1,4.4489,8.0663,8.0737,2,EMERGENCY
6.022,0,4.5335,6.1469,3.9302,2,EMERGENCY
6.4321,1,8.6181,8.2882,8.1253,2,EMERGENCY
8.0507,1,9.5223,7.5881,8.8835,2,EMERGENCY
6.3484,1,3.7969,7.3809,7.0368,2,EMERGENCY
8.0296,1,6.4548,8.809,8.3837,2,EMERGENCY
9.9713,0,4.9231,7.5783,5.731,2,EMERGENCY
7.6873,1,9.3533,8.8561,8.8312,2,EMERGENCY
8.4316,1,8.7665,9.8202,9.108,2,EMERGENCY
9.2848,0,7.4548,6.2045,5.8253,2,EMERGENCY
7.0304,0,7.2266,8.7464,5.1321,2,EMERGENCY
6.458,1,6.1937,7.4762,7.5695,2,EMERGENCY
6.4841,1,8.2582,6.284,7.8737,2,EMERGENCY
6.3207,1,9.5921,8.6743,8.3141,2,EMERGENCY
8.7147,1,7.1556,6.0405,8.521,2,EMERGENCY
8.5444,1,7.288,9.4948,8.8248,2,EMERGENCY
8.8959,0,9.3172,6.2658,6.0484,2,EMERGENCY
8.1359,0,3.0819,7.6881,4.6396,2,EMERGENCY
7.1802,1,7.0404,6.175,7.8976,2,EMERGENCY
6.492,1,5.4022,8.9167,7.5689,2,EMERGENCY
8.6092,1,7.8474,7.7197,8.7851,2,EMERGENCY
8.6919,1,5.1442,9.1559,8.4212,2,EMERGENCY
7.7857,1,8.757,9.4302,8.8087,2,EMERGENCY
9.6665,1,5.2321,8.3288,8.7459,2,EMERGENCY
7.4847,1,7.9391,8.7536,8.4571,2,EMERGENCY
7.4982,0,6.0137,6.5704,4.8591,2,EMERGENCY
9.5604,1,4.0812,6.1018,8.2506,2,EMERGENCY
8.5833,1,5.3842,6.2868,8.1388,2,EMERGENCY
7.6385,1,7.7398,8.4231,8.4457,2,EMERGENCY
7.4584,1,9.9163,7.816,8.7482,2,EMERGENCY
8.7531,0,6.3991,6.1101,5.3921,2,EMERGENCY
8.0218,1,5.6894,6.156,7.9622,2,EMERGENCY
6.1238,1,4.1202,6.0934,6.8829,2,EMERGENCY
9.0249,1,5.0247,9.6003,8.5749,2,EMERGENCY
6.4646,1,5.1978,9.5536,7.5807,2,EMERGENCY
8.4118,1,9.8881,7.1536,9.0577,2,EMERGENCY
9.8445,1,5.6986,7.3615,8.8137,2,EMERGENCY
8.1656,0,6.876,8.1668,5.4581,2,EMERGENCY
9.0476,1,6.0831,7.2093,8.5566,2,EMERGENCY
7.0373,0,3.4035,7.3698,4.2326,2,EMERGENCY
7.081,1,6.904,7.3891,7.9521,2,EMERGENCY
8.3219,0,6.1083,8.5049,5.4009,2,EMERGENCY
7.9556,1,9.9569,9.5213,9.1258,2,EMERGENCY
8.4936,1,7.3446,6.8052,8.5469,2,EMERGENCY
7.5806,0,6.3288,8.1721,5.1152,2,EMERGENCY
6.911,1,9.3662,8.8886,8.5265,2,EMERGENCY
8.1335,1,3.9146,9.162,7.9525,2,EMERGENCY
6.4993,1,4.9304,9.5084,7.5366,2,EMERGENCY
9.7762,0,6.2387,9.9239,6.1506,2,EMERGENCY
7.9336,1,7.1211,7.5013,8.3478,2,EMERGENCY
7.1431,1,8.3326,7.5462,8.2784,2,EMERGENCY
8.0451,1,7.041,9.4623,8.5725,2,EMERGENCY
9.923,1,8.7926,9.0581,9.6335,2,EMERGENCY
8.2941,1,4.4033,6.4371,7.842,2,EMERGENCY
9.4158,1,8.9288,9.5724,9.5093,2,EMERGENCY
6.2498,1,6.1382,8.0417,7.5318,2,EMERGENCY
8.5064,1,3.1338,7.9074,7.82,2,EMERGENCY
8.7509,1,7.8477,6.5377,8.7237,2,EMERGENCY
7.1976,1,8.6311,7.115,8.3167,2,EMERGENCY
6.8428,1,3.062,9.9913,7.3487,2,EMERGENCY
8.7073,1,5.0623,6.0573,8.1011,2,EMERGENCY
8.9515,1,8.1833,6.5714,8.8744,2,EMERGENCY
9.0137,1,7.6098,9.0645,9.0339,2,EMERGENCY
9.3837,1,3.6202,7.9505,8.2726,2,EMERGENCY
6.3106,1,5.8497,6.264,7.3206,2,EMERGENCY
7.3953,0,8.6576,9.7908,5.6687,2,EMERGENCY
6.2893,1,6.658,7.1983,7.5671,2,EMERGENCY
6.3074,1,8.5616,8.8283,8.1181,2,EMERGENCY
6.2009,0,5.8201,7.1812,4.3625,2,EMERGENCY
6.9295,1,8.6244,9.7169,8.4684,2,EMERGENCY
7.6204,1,5.2505,7.9057,7.8888,2,EMERGENCY
6.9041,1,9.8529,8.414,8.5736,2,EMERGENCY
7.4313,1,3.8604,9.5546,7.7001,2,EMERGENCY
8.0123,1,7.1011,8.4991,8.4751,2,EMERGENCY
6.2871,1,4.6935,8.8558,7.3391,2,EMERGENCY
9.2901,1,6.8675,8.0807,8.8976,2,EMERGENCY
6.5715,1,4.8999,7.9868,7.4073,2,EMERGENCY
7.1371,0,7.4069,6.2173,4.958,2,EMERGENCY
8.9946,1,3.0009,8.0445,8.0025,2,EMERGENCY
6.1874,1,7.9488,6.2508,7.6898,2,EMERGENCY
9.3574,0,4.7278,8.9636,5.5849,2,EMERGENCY
7.2651,0,5.5216,7.0816,4.7185,2,EMERGENCY
9.3708,1,8.5225,9.5675,9.4096,2,EMERGENCY
7.7353,1,5.6412,9.8563,8.208,2,EMERGENCY
6.3572,1,6.4567,7.5506,7.5893,2,EMERGENCY
8.5308,1,3.0305,6.6678,7.6852,2,EMERGENCY
8.8522,1,9.7623,9.0442,9.3978,2,EMERGENCY
9.8031,1,5.0864,6.4215,8.5807,2,EMERGENCY
9.1273,1,3.3373,7.4402,8.0624,2,EMERGENCY
9.8272,1,6.0291,7.8308,8.9198,2,EMERGENCY
6.8355,1,5.5887,6.2094,7.4729,2,EMERGENCY
9.0703,1,8.7553,9.4014,9.3193,2,EMERGENCY
6.848,1,6.306,9.5206,7.9524,2,EMERGENCY
6.863,1,7.2543,7.1812,7.9142,2,EMERGENCY
6.5464,1,8.1702,7.2625,7.9788,2,EMERGENCY
8.5793,1,7.9924,6.7969,8.7099,2,EMERGENCY
9.5609,1,5.5745,6.2324,8.5625,2,EMERGENCY
6.446,1,4.8731,9.3419,7.4872,2,EMERGENCY
6.0588,1,5.3614,6.0773,7.1035,2,EMERGENCY
6.4975,1,6.4501,7.6172,7.6507,2,EMERGENCY
8.1238,1,3.0695,7.8564,7.649,2,EMERGENCY
9.854,1,7.7428,7.2475,9.2149,2,EMERGENCY
9.096,1,6.6491,9.9041,8.9586,2,EMERGENCY
6.5022,0,8.3911,9.2286,5.202,2,EMERGENCY
6.4808,1,3.1229,7.1732,6.9342,2,EMERGENCY
9.0926,1,5.4367,7.487,8.4731,2,EMERGENCY
6.0054,1,7.5252,9.8968,7.8969,2,EMERGENCY
9.3882,0,9.2899,9.1328,6.5266,2,EMERGENCY
9.1215,1,5.786,7.2117,8.527,2,EMERGENCY
6.2628,1,4.7262,7.9363,7.244,2,EMERGENCY
8.9898,1,3.4049,9.8312,8.26,2,EMERGENCY
9.7709,1,9.9393,8.1779,9.714,2,EMERGENCY
9.8511,0,5.5598,6.9015,5.7425,2,EMERGENCY
6.7833,0,7.3569,9.1253,5.0972,2,EMERGENCY
8.3132,0,8.6779,8.5438,5.9152,2,EMERGENCY
7.5527,1,4.8193,7.3808,7.723,2,EMERGENCY
9.6699,1,6.2899,9.5606,9.082,2,EMERGENCY
8.8309,0,4.0311,6.0314,4.9417,2,EMERGENCY
8.5237,1,3.9399,9.8317,8.1806,2,EMERGENCY
8.1186,1,6.5042,8.7185,8.4201,2,EMERGENCY
6.305,1,8.6488,7.8387,8.0356,2,EMERGENCY
8.1863,1,3.3073,6.663,7.6023,2,EMERGENCY
7.7822,1,3.3499,9.3746,7.7203,2,EMERGENCY
9.9248,1,8.9765,6.9679,9.462,2,EMERGENCY
9.8425,0,9.66,9.9793,6.8669,2,EMERGENCY
8.8469,1,6.9868,7.0382,8.6399,2,EMERGENCY
7.748,1,3.5116,8.4894,7.6504,2,EMERGENCY
9.9247,0,8.5482,9.6316,6.6427,2,EMERGENCY
9.7748,1,6.6502,9.9092,9.2309,2,EMERGENCY
9.0292,0,6.3383,8.8733,5.7667,2,EMERGENCY
6.9894,1,7.6662,6.6508,7.9941,2,EMERGENCY
8.2603,1,6.4923,6.0484,8.2074,2,EMERGENCY
6.0362,1,9.4834,6.9147,8.0026,2,EMERGENCY
8.5375,1,5.2517,9.3922,8.4045,2,EMERGENCY
8.9154,0,6.0009,6.1167,5.378,2,EMERGENCY
7.9236,1,3.8295,7.1555,7.6509,2,EMERGENCY
7.5913,1,9.9528,6.1796,8.6451,2,EMERGENCY
9.044,1,5.7472,9.0171,8.6688,2,EMERGENCY
9.6737,1,7.0399,7.4285,9.0203,2,EMERGENCY
9.1502,1,6.9485,7.4343,8.7932,2,EMERGENCY
8.6265,1,4.3412,9.673,8.2861,2,EMERGENCY
6.4072,1,4.546,6.1557,7.0877,2,EMERGENCY
6.1441,0,9.0674,7.1299,4.9841,2,EMERGENCY
9.8018,1,6.0563,8.3204,8.964,2,EMERGENCY
8.0668,1,4.9775,7.4122,7.9634,2,EMERGENCY
9.5764,1,9.2479,7.6778,9.4479,2,EMERGENCY
9.1215,1,6.4828,6.8187,8.627,2,EMERGENCY
8.3645,0,5.321,9.4201,5.352,2,EMERGENCY
6.8283,0,3.4831,9.7631,4.4042,2,EMERGENCY
8.0277,1,8.6762,9.3433,8.8806,2,EMERGENCY
7.3288,1,8.3979,8.6186,8.4729,2,EMERGENCY
6.6064,1,6.7737,7.1299,7.7103,2,EMERGENCY
7.7009,0,3.8951,9.0622,4.7656,2,EMERGENCY
6.0,1,6.6576,6.2185,7.3534,2,EMERGENCY
9.8923,1,5.1294,7.2158,8.7044,2,EMERGENCY
6.9217,0,8.1054,9.8674,5.3765,2,EMERGENCY
6.8972,1,8.1933,9.3937,8.3369,2,EMERGENCY
7.6905,1,5.2771,8.8505,8.0167,2,EMERGENCY
9.2671,0,5.5966,9.6078,5.7869,2,EMERGENCY
9.2268,1,8.2797,7.5728,9.1039,2,EMERGENCY
8.3626,1,3.5492,8.178,7.8727,2,EMERGENCY
8.8373,0,8.4644,8.3351,6.0613,2,EMERGENCY
9.8089,0,4.8573,8.4062,5.7356,2,EMERGENCY
7.1862,1,8.313,6.4101,8.1781,2,EMERGENCY
8.0554,1,5.585,9.7317,8.3123,2,EMERGENCY
9.31,1,8.0003,7.8469,9.1088,2,EMERGENCY
9.684,1,8.1029,9.4468,9.4388,2,EMERGENCY
7.0963,1,4.3667,7.3814,7.45,2,EMERGENCY
7.3424,1,8.9958,8.8047,8.6166,2,EMERGENCY
8.9082,1,9.6296,7.985,9.2877,2,EMERGENCY
7.5221,0,8.5034,8.9378,5.6033,2,EMERGENCY
7.5374,0,8.873,6.0457,5.3941,2,EMERGENCY
8.8148,1,6.0636,6.9399,8.4326,2,EMERGENCY
8.8195,1,6.825,9.8681,8.8796,2,EMERGENCY
6.2067,1,8.0292,9.4506,8.0336,2,EMERGENCY
6.717,1,6.8689,7.5862,7.8192,2,EMERGENCY
6.5269,1,4.1009,7.2392,7.1548,2,EMERGENCY
7.1602,1,7.7089,9.1867,8.3245,2,EMERGENCY
7.0019,1,7.0022,9.3313,8.1343,2,EMERGENCY
9.6243,0,7.7181,6.2073,6.0141,2,EMERGENCY
8.1954,1,5.1474,7.4118,8.0488,2,EMERGENCY
8.4852,1,8.1289,7.6181,8.7817,2,EMERGENCY
6.2734,1,5.0003,7.7311,7.2825,2,EMERGENCY
8.7418,1,3.3961,7.4957,7.9255,2,EMERGENCY
9.7778,1,7.7004,8.5291,9.3041,2,EMERGENCY
6.796,1,8.2566,6.4055,8.0103,2,EMERGENCY
7.1114,1,6.0241,9.9215,8.0415,2,EMERGENCY
6.27,1,4.2556,9.8827,7.3474,2,EMERGENCY
6.4532,1,8.1652,8.8182,8.0961,2,EMERGENCY
7.6909,1,5.7833,7.0571,7.9387,2,EMERGENCY
6.8213,1,4.8797,7.1498,7.4195,2,EMERGENCY
8.627,1,7.2255,6.3079,8.5267,2,EMERGENCY
6.3023,1,5.081,6.3683,7.174,2,EMERGENCY
8.3962,1,7.5395,7.0696,8.5733,2,EMERGENCY
6.0604,1,4.7563,8.7041,7.2458,2,EMERGENCY
8.8265,1,5.1904,7.0844,8.2771,2,EMERGENCY
8.3907,1,9.6271,6.4236,8.9241,2,EMERGENCY
6.6193,1,8.1557,9.532,8.2321,2,EMERGENCY
6.8105,1,7.908,8.7204,8.1779,2,EMERGENCY
7.6326,0,7.0805,7.0124,5.1704,2,EMERGENCY
7.801,1,5.7932,9.3592,8.215,2,EMERGENCY
6.7542,1,9.839,6.4076,8.3102,2,EMERGENCY
6.0333,1,3.6484,8.9935,7.0423,2,EMERGENCY
9.6582,1,4.811,7.7376,8.5992,2,EMERGENCY
8.8938,0,7.1262,8.4532,5.8281,2,EMERGENCY
8.5508,1,7.9984,6.3656,8.6565,2,EMERGENCY
6.7971,1,8.1711,6.055,7.9585,2,EMERGENCY
6.9935,1,4.8956,6.9902,7.4756,2,EMERGENCY
6.2501,1,8.1291,8.4269,7.9686,2,EMERGENCY
8.6915,0,9.6604,9.354,6.3441,2,EMERGENCY
